<?xml version="1.0" encoding="UTF-8"?>
<beans xmlns="http://www.springframework.org/schema/beans"
       xmlns:xsi="http://www.w3.org/2001/XMLSchema-instance"
       xmlns:mvc="http://www.springframework.org/schema/mvc"
       xmlns:context="http://www.springframework.org/schema/context"
       xsi:schemaLocation="
                        http://www.springframework.org/schema/beans http://www.springframework.org/schema/beans/spring-beans.xsd
                        http://www.springframework.org/schema/mvc http://www.springframework.org/schema/mvc/spring-mvc.xsd
                        http://www.springframework.org/schema/context http://www.springframework.org/schema/context/spring-context.xsd">

    <!--Controller的组件扫描-->
    <context:component-scan base-package="com.itheima">
        <context:include-filter type="annotation" expression="org.springframework.stereotype.Controller"/>
    </context:component-scan>

    <!--配置内部资源视图解析器-->
    <bean id="viewResolver" class="org.springframework.web.servlet.view.InternalResourceViewResolver">
        <!--  /jsp/success.jsp  -->
        <property name="prefix" value="/jsp/"></property>
        <property name="suffix" value=".jsp"></property>
    </bean>

    <!--配置处理器映射器-->
    <!--<bean class="org.springframework.web.servlet.mvc.method.annotation.RequestMappingHandlerAdapter">
        <property name="messageConverters">
            <list>
                <bean class="org.springframework.http.converter.json.MappingJackson2HttpMessageConverter"/>
            </list>
        </property>
    </bean>-->

    <!--mvc的注解驱动-->
    <mvc:annotation-driven conversion-service="conversionService"/>

    <!--开发资源的访问-->
    <!--<mvc:resources mapping="/js/**" location="/js/"/>
    <mvc:resources mapping="/img/**" location="/img/"/>-->

    <mvc:default-servlet-handler/>


    <!--声明转换器-->
    <bean id="conversionService" class="org.springframework.context.support.ConversionServiceFactoryBean">
        <property name="converters">
            <list>
                <bean class="com.itheima.converter.DateConverter"></bean>
            </list>
        </property>
    </bean>

    <!--配置文件上传解析器-->
    <bean id="multipartResolver" class="org.springframework.web.multipart.commons.CommonsMultipartResolver">
        <property name="defaultEncoding" value="UYF-8"/>
        <property name="maxUploadSize" value="500000"/>
    </bean>



</beans>